{
    "train_loss": [
        0.3504706000762827,
        0.2824344171397826,
        0.2639349767853232,
        0.25258741561805503,
        0.24701478290698106,
        0.24141355864440694,
        0.2354266350521761,
        0.23332897340550143,
        0.22916637609425713,
        0.2256844861942179,
        0.22342965320418862,
        0.22118467091812807,
        0.21881845285331503,
        0.21719436553366045,
        0.21534318619195153,
        0.21391772643818574,
        0.21207850067755754,
        0.2107626884881188,
        0.20965890693664552,
        0.2082697012087878,
        0.20695147179575527,
        0.20666250488197102,
        0.20613350531213423
    ],
    "train_acc": [
        0.0,
        0.0,
        0.0,
        0.0,
        0.0,
        0.0,
        0.0,
        0.0,
        0.0,
        0.0,
        0.0,
        0.0,
        0.0,
        0.0,
        0.0,
        0.0,
        0.0,
        0.0,
        0.0,
        0.0,
        0.0,
        0.0,
        0.0
    ],
    "val_loss": [
        0.11788294838666916,
        0.0980576483309269,
        0.09792390376925468,
        0.09502140399813652,
        0.0889400585770607,
        0.08938910093903542,
        0.08489132795929909,
        0.08147590898275375,
        0.09167830319404602,
        0.07979593224525451,
        0.08628492669463157,
        0.0879897321164608,
        0.08452579919099808,
        0.08900887231826782,
        0.10065341660380364,
        0.078457123619318,
        0.09504724753499032,
        0.09031487318873406,
        0.08288204488158225,
        0.08721767435073853,
        0.08498088948130608,
        0.087715058863163,
        0.08043525016307831
    ],
    "val_acc": [
        0.9665333333333334,
        0.9822,
        0.9812666666666666,
        0.9844,
        0.9832,
        0.9838,
        0.9843333333333333,
        0.9850666666666666,
        0.9869333333333333,
        0.9886,
        0.9870666666666666,
        0.9856666666666667,
        0.9862666666666666,
        0.9862666666666666,
        0.9844666666666667,
        0.9880666666666666,
        0.9876666666666667,
        0.9864666666666667,
        0.9883333333333333,
        0.9902,
        0.9886666666666667,
        0.9891333333333333,
        0.9890666666666666
    ]
}