{
    "train_loss": [
        0.4350975140851914,
        0.31192810826448075,
        0.2682206460903489,
        0.22509113632912003,
        0.2135616336082019,
        0.16844327009849078,
        0.16727849115841723,
        0.14605496602572154,
        0.1361935090669559,
        0.13146352229836783,
        0.11493378229120739,
        0.11362674271723971,
        0.10749269251639719,
        0.09648710140717898
    ],
    "train_acc": [
        0.7916666666666666,
        0.873378728923476,
        0.9035343709468223,
        0.915207522697795,
        0.9249351491569391,
        0.938715953307393,
        0.9396887159533074,
        0.9477950713359273,
        0.9507133592736705,
        0.9536316472114138,
        0.9591439688715954,
        0.9575226977950714,
        0.958981841763943,
        0.9617380025940337
    ],
    "val_loss": [
        0.15512040296116977,
        0.1112321961325161,
        0.11039456500502895,
        0.12112424440067703,
        0.09963743092539486,
        0.14863120243627387,
        0.2470880120094452,
        0.09905379862755825,
        0.08976948493528682,
        0.21459301159994143,
        0.20871994798260302,
        0.17474168146837413,
        0.1284439065510108,
        0.1309309343932047
    ],
    "val_acc": [
        0.937603993344426,
        0.9584026622296173,
        0.9650582362728786,
        0.9584026622296173,
        0.9692179700499168,
        0.959234608985025,
        0.9517470881863561,
        0.9750415973377704,
        0.9775374376039934,
        0.9550748752079867,
        0.9534109816971714,
        0.959234608985025,
        0.9683860232945092,
        0.9700499168053245
    ]
}